guid,id (hidden),header,image,question mask,footer,remarks,sources,extra 1,extra 2,answer mask,original mask,tags
p_5V-uIdhN,021ee8071c62479b8d1629359a00cab7-oa-1,,"<img src=""tmpm0aqus3y.jpg"">","<img src=""021ee8071c62479b8d1629359a00cab7-oa-1-Q.svg"" />",,,,,,"<img src=""021ee8071c62479b8d1629359a00cab7-oa-1-A.svg"">","<img src=""021ee8071c62479b8d1629359a00cab7-oa-O.svg"">",eth::sem6::rse
"z,lq&zpwbq",021ee8071c62479b8d1629359a00cab7-oa-2,,"<img src=""tmpm0aqus3y.jpg"" />","<img src=""021ee8071c62479b8d1629359a00cab7-oa-2-Q.svg"" />",,,,,,"<img src=""021ee8071c62479b8d1629359a00cab7-oa-2-A.svg"" />","<img src=""021ee8071c62479b8d1629359a00cab7-oa-O.svg"" />",eth::sem6::rse
f8opgNn>sM,021ee8071c62479b8d1629359a00cab7-oa-4,,"<img src=""tmpm0aqus3y.jpg"" />","<img src=""021ee8071c62479b8d1629359a00cab7-oa-4-Q.svg"" />",,,,,,"<img src=""021ee8071c62479b8d1629359a00cab7-oa-4-A.svg"">","<img src=""021ee8071c62479b8d1629359a00cab7-oa-O.svg"">",eth::sem6::rse
"K6Ds,^8I*>",22eb571924bc4f0ebd6a2543eb8dd86b-oa-1,,"<img src=""tmpgalvqimz.jpg"" />","<img src=""22eb571924bc4f0ebd6a2543eb8dd86b-oa-1-Q.svg"" />",,,,,,"<img src=""22eb571924bc4f0ebd6a2543eb8dd86b-oa-1-A.svg"" />","<img src=""22eb571924bc4f0ebd6a2543eb8dd86b-oa-O.svg"" />",eth::sem6::rse
EYI/p4%T-t,22eb571924bc4f0ebd6a2543eb8dd86b-oa-2,,"<img src=""tmpgalvqimz.jpg"" />","<img src=""22eb571924bc4f0ebd6a2543eb8dd86b-oa-2-Q.svg"" />",,,,,,"<img src=""22eb571924bc4f0ebd6a2543eb8dd86b-oa-2-A.svg"" />","<img src=""22eb571924bc4f0ebd6a2543eb8dd86b-oa-O.svg"" />",eth::sem6::rse
bH~ou{!Tpd,22eb571924bc4f0ebd6a2543eb8dd86b-oa-3,,"<img src=""tmpgalvqimz.jpg"" />","<img src=""22eb571924bc4f0ebd6a2543eb8dd86b-oa-3-Q.svg"" />",,,,,,"<img src=""22eb571924bc4f0ebd6a2543eb8dd86b-oa-3-A.svg"" />","<img src=""22eb571924bc4f0ebd6a2543eb8dd86b-oa-O.svg"" />",eth::sem6::rse
J}ae^<`~$Q,22eb571924bc4f0ebd6a2543eb8dd86b-oa-4,,"<img src=""tmpgalvqimz.jpg"" />","<img src=""22eb571924bc4f0ebd6a2543eb8dd86b-oa-4-Q.svg"" />",,,,,,"<img src=""22eb571924bc4f0ebd6a2543eb8dd86b-oa-4-A.svg"" />","<img src=""22eb571924bc4f0ebd6a2543eb8dd86b-oa-O.svg"" />",eth::sem6::rse
ClAPmUr_m9,22eb571924bc4f0ebd6a2543eb8dd86b-oa-5,,"<img src=""tmpgalvqimz.jpg"" />","<img src=""22eb571924bc4f0ebd6a2543eb8dd86b-oa-5-Q.svg"" />",,,,,,"<img src=""22eb571924bc4f0ebd6a2543eb8dd86b-oa-5-A.svg"" />","<img src=""22eb571924bc4f0ebd6a2543eb8dd86b-oa-O.svg"" />",eth::sem6::rse
fY&fY8C2)F,22eb571924bc4f0ebd6a2543eb8dd86b-oa-6,,"<img src=""tmpgalvqimz.jpg"" />","<img src=""22eb571924bc4f0ebd6a2543eb8dd86b-oa-6-Q.svg"" />",,,,,,"<img src=""22eb571924bc4f0ebd6a2543eb8dd86b-oa-6-A.svg"" />","<img src=""22eb571924bc4f0ebd6a2543eb8dd86b-oa-O.svg"" />",eth::sem6::rse
EG$~UcI!Vi,22eb571924bc4f0ebd6a2543eb8dd86b-oa-7,,"<img src=""tmpgalvqimz.jpg"" />","<img src=""22eb571924bc4f0ebd6a2543eb8dd86b-oa-7-Q.svg"" />",,,,,,"<img src=""22eb571924bc4f0ebd6a2543eb8dd86b-oa-7-A.svg"" />","<img src=""22eb571924bc4f0ebd6a2543eb8dd86b-oa-O.svg"" />",eth::sem6::rse
N)q.NBx/Ve,22eb571924bc4f0ebd6a2543eb8dd86b-oa-8,,"<img src=""tmpgalvqimz.jpg"" />","<img src=""22eb571924bc4f0ebd6a2543eb8dd86b-oa-8-Q.svg"" />",,,,,,"<img src=""22eb571924bc4f0ebd6a2543eb8dd86b-oa-8-A.svg"" />","<img src=""22eb571924bc4f0ebd6a2543eb8dd86b-oa-O.svg"" />",eth::sem6::rse
AG]zm#U3mS,22eb571924bc4f0ebd6a2543eb8dd86b-oa-9,,"<img src=""tmpgalvqimz.jpg"" />","<img src=""22eb571924bc4f0ebd6a2543eb8dd86b-oa-9-Q.svg"" />",,,,,,"<img src=""22eb571924bc4f0ebd6a2543eb8dd86b-oa-9-A.svg"" />","<img src=""22eb571924bc4f0ebd6a2543eb8dd86b-oa-O.svg"" />",eth::sem6::rse
MPh&dG|<*7,ab341a5be75644eaa7368f793528f1d7-oa-1,,"<img src=""tmpowffrao_.jpg"" />","<img src=""ab341a5be75644eaa7368f793528f1d7-oa-1-Q.svg"" />",,,,,,"<img src=""ab341a5be75644eaa7368f793528f1d7-oa-1-A.svg"" />","<img src=""ab341a5be75644eaa7368f793528f1d7-oa-O.svg"" />",eth::sem6::rse
"jw<F,B[F$.",ab341a5be75644eaa7368f793528f1d7-oa-2,,"<img src=""tmpowffrao_.jpg"">","<img src=""ab341a5be75644eaa7368f793528f1d7-oa-2-Q.svg"">",,,,,,"<img src=""ab341a5be75644eaa7368f793528f1d7-oa-2-A.svg"">","<img src=""ab341a5be75644eaa7368f793528f1d7-oa-O.svg"">",eth::sem6::rse
r)XO}$Z`ro,6a9d207efcd3458b956be868beb9cbde-oa-1,,"<img src=""tmpuwcj9g07.jpg"" />","<img src=""6a9d207efcd3458b956be868beb9cbde-oa-1-Q.svg"" />",,,,,,"<img src=""6a9d207efcd3458b956be868beb9cbde-oa-1-A.svg"" />","<img src=""6a9d207efcd3458b956be868beb9cbde-oa-O.svg"" />",eth::sem6::rse
D$Ybvt.-bk,6a9d207efcd3458b956be868beb9cbde-oa-2,,"<img src=""tmpuwcj9g07.jpg"" />","<img src=""6a9d207efcd3458b956be868beb9cbde-oa-2-Q.svg"" />",,,,,,"<img src=""6a9d207efcd3458b956be868beb9cbde-oa-2-A.svg"" />","<img src=""6a9d207efcd3458b956be868beb9cbde-oa-O.svg"" />",eth::sem6::rse
NPtU3JVM]J,6a9d207efcd3458b956be868beb9cbde-oa-3,,"<img src=""tmpuwcj9g07.jpg"" />","<img src=""6a9d207efcd3458b956be868beb9cbde-oa-3-Q.svg"" />",,,,,,"<img src=""6a9d207efcd3458b956be868beb9cbde-oa-3-A.svg"" />","<img src=""6a9d207efcd3458b956be868beb9cbde-oa-O.svg"" />",eth::sem6::rse
"q]q,bz$}5d",a5af1529db054270983497285ee2ce55-ao-1,,"<img src=""tmpocamsn1a.jpg"" />","<img src=""a5af1529db054270983497285ee2ce55-ao-1-Q.svg"" />",,,,,,"<img src=""a5af1529db054270983497285ee2ce55-ao-1-A.svg"" />","<img src=""a5af1529db054270983497285ee2ce55-ao-O.svg"" />",eth::sem6::rse
u&d.:xuKix,a5af1529db054270983497285ee2ce55-ao-2,,"<img src=""tmpocamsn1a.jpg"" />","<img src=""a5af1529db054270983497285ee2ce55-ao-2-Q.svg"" />",,,,,,"<img src=""a5af1529db054270983497285ee2ce55-ao-2-A.svg"" />","<img src=""a5af1529db054270983497285ee2ce55-ao-O.svg"" />",eth::sem6::rse
NSw:VccYH!,a5af1529db054270983497285ee2ce55-ao-3,,"<img src=""tmpocamsn1a.jpg"" />","<img src=""a5af1529db054270983497285ee2ce55-ao-3-Q.svg"" />",,,,,,"<img src=""a5af1529db054270983497285ee2ce55-ao-3-A.svg"" />","<img src=""a5af1529db054270983497285ee2ce55-ao-O.svg"" />",eth::sem6::rse
z%I:]`@[#+,a5af1529db054270983497285ee2ce55-ao-4,,"<img src=""tmpocamsn1a.jpg"" />","<img src=""a5af1529db054270983497285ee2ce55-ao-4-Q.svg"" />",,,,,,"<img src=""a5af1529db054270983497285ee2ce55-ao-4-A.svg"" />","<img src=""a5af1529db054270983497285ee2ce55-ao-O.svg"" />",eth::sem6::rse
